series,metric,tokens,value
baseline,train_loss,1036717,9.452105
baseline,train_loss,2073434,9.417026
baseline,train_loss,3110151,9.315867
baseline,train_loss,4146868,8.952660
baseline,train_loss,5183585,8.108187
baseline,train_loss,6220302,7.693680
baseline,train_loss,7257019,7.425102
baseline,train_loss,8293736,7.251719
baseline,train_loss,9330452,7.079765
baseline,train_loss,10367169,6.997200
baseline,train_loss,11403886,6.909942
baseline,train_loss,12440603,6.848058
baseline,train_loss,13477320,6.803742
baseline,train_loss,14514037,6.688358
baseline,train_loss,15550754,6.610435
baseline,train_loss,16587471,6.530456
baseline,train_loss,17624188,6.393426
baseline,train_loss,18660905,6.282690
baseline,train_loss,19697622,6.140530
baseline,train_loss,20734339,6.084046
baseline,train_loss,21771056,5.982245
baseline,train_loss,22807773,5.883857
baseline,train_loss,23844490,5.771105
baseline,train_loss,24881207,5.747475
baseline,train_loss,25917924,5.652721
baseline,train_loss,26954641,5.564232
baseline,train_loss,27991357,5.510523
baseline,train_loss,29028074,5.442858
baseline,train_loss,30064791,5.383823
baseline,train_loss,31101508,5.326266
baseline,train_loss,32138225,5.297028
baseline,train_loss,33174942,5.252635
baseline,train_loss,34211659,5.207922
baseline,train_loss,35248376,5.156619
baseline,train_loss,36285093,5.126105
baseline,train_loss,37321810,5.101436
baseline,train_loss,38358527,5.072331
baseline,train_loss,39395244,5.023917
baseline,train_loss,40431961,5.029473
baseline,train_loss,41468678,4.973027
baseline,train_loss,42505395,4.971556
baseline,train_loss,43542112,4.907461
baseline,train_loss,44578829,4.884548
baseline,train_loss,45615546,4.819875
baseline,train_loss,46652262,4.843231
baseline,train_loss,47688979,4.814832
baseline,train_loss,48725696,4.804878
baseline,train_loss,49762413,4.781827
baseline,train_loss,50799130,4.779345
baseline,train_loss,51835847,4.732521
baseline,train_loss,52872564,4.696754
baseline,train_loss,53909281,4.683827
baseline,train_loss,54945998,4.640528
baseline,train_loss,55982715,4.650058
baseline,train_loss,57019432,4.586368
baseline,train_loss,58056149,4.626283
baseline,train_loss,59092866,4.558929
baseline,train_loss,60129583,4.528031
baseline,train_loss,61166300,4.543722
baseline,train_loss,62203017,4.505056
baseline,train_loss,63239734,4.398587
baseline,train_loss,64276450,4.480464
baseline,train_loss,65313167,4.398215
baseline,train_loss,66349884,4.366558
baseline,train_loss,67386601,4.385922
baseline,train_loss,68423318,4.376624
baseline,train_loss,69460035,4.350039
baseline,train_loss,70496752,4.395476
baseline,train_loss,71533469,4.337937
baseline,train_loss,72570186,4.313920
baseline,train_loss,73606903,4.318295
baseline,train_loss,74643620,4.295531
baseline,train_loss,75680337,4.315601
baseline,train_loss,76717054,4.269406
baseline,train_loss,77753771,4.218358
baseline,train_loss,78790488,4.228715
baseline,train_loss,79827205,4.202601
baseline,train_loss,80863922,4.203976
baseline,train_loss,81900639,4.229612
baseline,train_loss,82937355,4.169365
baseline,train_loss,83974072,4.147243
baseline,train_loss,85010789,4.130369
baseline,train_loss,86047506,4.130911
baseline,train_loss,87084223,4.100828
baseline,train_loss,88120940,4.138621
baseline,train_loss,89157657,4.118031
baseline,train_loss,90194374,4.048424
baseline,train_loss,91231091,4.078646
baseline,train_loss,92267808,4.045023
baseline,train_loss,93304525,4.052858
baseline,train_loss,94341242,4.013026
baseline,train_loss,95377959,4.010110
baseline,train_loss,96414676,4.038750
baseline,train_loss,97451393,4.005727
baseline,train_loss,98488110,4.027662
baseline,train_loss,99524827,3.967556
baseline,train_loss,100561544,3.994859
baseline,train_loss,101598260,3.972312
baseline,train_loss,102634977,4.007853
baseline,train_loss,103671694,3.928231
baseline,train_loss,104708411,3.895332
baseline,train_loss,105745128,3.951875
baseline,train_loss,106781845,3.922496
baseline,train_loss,107818562,4.036163
baseline,train_loss,108855279,4.088860
baseline,train_loss,109891996,4.078688
baseline,train_loss,110928713,4.062948
baseline,train_loss,111965430,4.041411
baseline,train_loss,113002147,4.060083
baseline,train_loss,114038864,4.010688
baseline,train_loss,115075581,4.038685
baseline,train_loss,116112298,4.058815
baseline,train_loss,117149015,4.036033
baseline,train_loss,118185732,4.045062
baseline,train_loss,119222448,4.033741
baseline,train_loss,120259165,3.988644
baseline,train_loss,121295882,4.012965
baseline,train_loss,122332599,4.031801
baseline,train_loss,123369316,3.976200
baseline,train_loss,124406033,3.981470
baseline,train_loss,125442750,3.973574
baseline,train_loss,126479467,3.961300
baseline,train_loss,127516184,3.996752
baseline,train_loss,128552901,3.970195
baseline,train_loss,129589618,3.904123
baseline,train_loss,130626335,3.909225
baseline,train_loss,131663052,3.962112
baseline,train_loss,132699769,3.975424
baseline,train_loss,133736486,3.960520
baseline,train_loss,134773203,3.901961
baseline,train_loss,135809920,3.949201
baseline,train_loss,136846637,3.910033
baseline,train_loss,137883353,3.937864
baseline,train_loss,138920070,3.876606
baseline,train_loss,139956787,3.913528
baseline,train_loss,140993504,3.911603
baseline,train_loss,142030221,3.863819
baseline,train_loss,143066938,3.890881
baseline,train_loss,144103655,3.857310
baseline,train_loss,145140372,3.825565
baseline,train_loss,146177089,3.830629
baseline,train_loss,147213806,3.859493
baseline,train_loss,148250523,3.872423
baseline,train_loss,149287240,3.820302
baseline,train_loss,150323957,3.797700
baseline,train_loss,151360674,3.842827
baseline,train_loss,152397391,3.763337
baseline,train_loss,153434108,3.779524
baseline,train_loss,154470825,3.789886
baseline,train_loss,155507542,3.780056
baseline,train_loss,156544258,3.767942
baseline,train_loss,157580975,3.752093
baseline,train_loss,158617692,3.738984
baseline,train_loss,159654409,3.748616
baseline,train_loss,160691126,3.710060
baseline,train_loss,161727843,3.751834
baseline,train_loss,162764560,3.784477
baseline,train_loss,163801277,3.709186
baseline,train_loss,164837994,3.741399
baseline,train_loss,165874711,3.769623
baseline,train_loss,166911428,3.703454
baseline,train_loss,167948145,3.725391
baseline,train_loss,168984862,3.693180
baseline,train_loss,170021579,3.719117
baseline,train_loss,171058296,3.718435
baseline,train_loss,172095013,3.739538
baseline,train_loss,173131730,3.684237
baseline,train_loss,174168447,3.648504
baseline,train_loss,175205163,3.677369
baseline,train_loss,176241880,3.679124
baseline,train_loss,177278597,3.667322
baseline,train_loss,178315314,3.668530
baseline,train_loss,179352031,3.681509
baseline,train_loss,180388748,3.648909
baseline,train_loss,181425465,3.635427
baseline,train_loss,182462182,3.626700
baseline,train_loss,183498899,3.628047
baseline,train_loss,184535616,3.637451
baseline,train_loss,185572333,3.577259
baseline,train_loss,186609050,3.593969
baseline,train_loss,187645767,3.639124
baseline,train_loss,188682484,3.609413
baseline,train_loss,189719201,3.594248
baseline,train_loss,190755918,3.622588
baseline,train_loss,191792635,3.565871
baseline,train_loss,192829351,3.604057
baseline,train_loss,193866068,3.588202
baseline,train_loss,194902785,3.578159
baseline,train_loss,195939502,3.574810
baseline,train_loss,196976219,3.498105
baseline,train_loss,198012936,3.572432
baseline,train_loss,199049653,3.549325
baseline,train_loss,200086370,3.549846
baseline,train_loss,201123087,3.541966
baseline,train_loss,202159804,3.590053
baseline,train_loss,203196521,3.556957
baseline,train_loss,204233238,3.538615
baseline,train_loss,205269955,3.559878
baseline,train_loss,206306672,3.544276
baseline,train_loss,207343389,3.496161
baseline,train_loss,208380106,3.504067
baseline,train_loss,209416823,3.523109
baseline,train_loss,210453540,3.507126
baseline,train_loss,211490256,3.531697
baseline,train_loss,212526973,3.557106
baseline,train_loss,213563690,3.469300
baseline,train_loss,214600407,3.491700
baseline,train_loss,215637124,3.552136
baseline,train_loss,216673841,3.511394
baseline,train_loss,217710558,3.507044
baseline,train_loss,218747275,3.477314
baseline,train_loss,219783992,3.516167
baseline,train_loss,220820709,3.480973
baseline,train_loss,221857426,3.470100
baseline,train_loss,222894143,3.461830
baseline,train_loss,223930860,3.412368
baseline,train_loss,224967577,3.488704
baseline,train_loss,226004294,3.468243
baseline,train_loss,227041011,3.477557
baseline,train_loss,228077728,3.459605
baseline,train_loss,229114445,3.483175
baseline,train_loss,230151161,3.456683
baseline,train_loss,231187878,3.483688
baseline,train_loss,232224595,3.456946
baseline,train_loss,233261312,3.480085
baseline,train_loss,234298029,3.461698
baseline,train_loss,235334746,3.466093
baseline,train_loss,236371463,3.445602
baseline,train_loss,237408180,3.454543
baseline,train_loss,238444897,3.460099
baseline,train_loss,239481614,3.439683
baseline,train_loss,240518331,3.360030
baseline,train_loss,241555048,3.447413
baseline,train_loss,242591765,3.465400
baseline,train_loss,243628482,3.430562
baseline,train_loss,244665199,3.396628
baseline,train_loss,245701916,3.403073
baseline,train_loss,246738633,3.464597
baseline,train_loss,247775349,3.408141
baseline,train_loss,248812066,3.446776
baseline,train_loss,249848783,3.401915
baseline,train_loss,250885500,3.370805
baseline,train_loss,251922217,3.424344
baseline,train_loss,252958934,3.456782
baseline,train_loss,253995651,3.424129
baseline,train_loss,255032368,3.399118
baseline,train_loss,256069085,3.427139
baseline,train_loss,257105802,3.433070
baseline,train_loss,258142519,3.409116
baseline,train_loss,259179236,3.395157
baseline,train_loss,260215953,3.430865
baseline,train_loss,261252670,3.425927
baseline,train_loss,262289387,3.403609
baseline,train_loss,263326104,3.397829
baseline,train_loss,264362821,3.421640
baseline,train_loss,265399538,3.419994
baseline,train_loss,266436254,3.436846
baseline,train_loss,267472971,3.451756
baseline,train_loss,268509688,3.416210
baseline,train_loss,269546405,3.375980
baseline,train_loss,270583122,3.435417
baseline,train_loss,271619839,3.358710
baseline,train_loss,272656556,3.389619
baseline,train_loss,273693273,3.422673
baseline,train_loss,274729990,3.344827
baseline,train_loss,275766707,3.445823
baseline,train_loss,276803424,3.442312
baseline,train_loss,277840141,3.388230
baseline,train_loss,278876858,3.365201
baseline,train_loss,279913575,3.348358
baseline,train_loss,280950292,3.365421
baseline,train_loss,281987009,3.376429
baseline,train_loss,283023726,3.342451
baseline,train_loss,284060443,3.374779
baseline,train_loss,285097159,3.354666
baseline,train_loss,286133876,3.338889
baseline,train_loss,287170593,3.349092
baseline,train_loss,288207310,3.366792
baseline,train_loss,289244027,3.386818
baseline,train_loss,290280744,3.397204
baseline,train_loss,291317461,3.338929
baseline,train_loss,292354178,3.358664
baseline,train_loss,293390895,3.352125
baseline,train_loss,294427612,3.376780
baseline,train_loss,295464329,3.357423
baseline,train_loss,296501046,3.348587
baseline,train_loss,297537763,3.346799
baseline,train_loss,298574480,3.370939
baseline,train_loss,299611197,3.337999
baseline,train_loss,300647914,3.350885
baseline,train_loss,301684631,3.364218
baseline,train_loss,302721347,3.350073
baseline,train_loss,303758064,3.324199
baseline,train_loss,304794781,3.354775
baseline,train_loss,305831498,3.353489
baseline,train_loss,306868215,3.339517
baseline,train_loss,307904932,3.297142
baseline,train_loss,308941649,3.284147
baseline,train_loss,309978366,3.327014
baseline,train_loss,311015083,3.313048
baseline,train_loss,312051800,3.324612
baseline,train_loss,313088517,3.313184
baseline,train_loss,314125234,3.281895
baseline,train_loss,315161951,3.320071
baseline,train_loss,316198668,3.327375
baseline,train_loss,317235385,3.350398
baseline,train_loss,318272102,3.315984
baseline,train_loss,319308819,3.287297
baseline,train_loss,320345536,3.302301
baseline,train_loss,321382252,3.287672
baseline,train_loss,322418969,3.283931
baseline,train_loss,323455686,3.331448
baseline,train_loss,324492403,3.327297
baseline,train_loss,325529120,3.319162
baseline,train_loss,326565837,3.298541
baseline,train_loss,327602554,3.288371
baseline,train_loss,328639271,3.324368
baseline,train_loss,329675988,3.261511
baseline,train_loss,330712705,3.302166
baseline,train_loss,331749422,3.312234
baseline,train_loss,332786139,3.278127
baseline,train_loss,333822856,3.287032
baseline,train_loss,334859573,3.278792
baseline,train_loss,335896290,3.273300
baseline,train_loss,336933007,3.284203
baseline,train_loss,337969724,3.327540
baseline,train_loss,339006441,3.289374
baseline,train_loss,340043157,3.244128
baseline,train_loss,341079874,3.243934
baseline,train_loss,342116591,3.301203
baseline,train_loss,343153308,3.321198
baseline,train_loss,344190025,3.250356
baseline,train_loss,345226742,3.270007
baseline,train_loss,346263459,3.275288
baseline,train_loss,347300176,3.303355
baseline,train_loss,348336893,3.283568
baseline,train_loss,349373610,3.271199
baseline,train_loss,350410327,3.259566
baseline,train_loss,351447044,3.260351
baseline,train_loss,352483761,3.248640
baseline,train_loss,353520478,3.260975
baseline,train_loss,354557195,3.252971
baseline,train_loss,355593912,3.245428
baseline,train_loss,356630629,3.250423
baseline,train_loss,357667345,3.273528
baseline,train_loss,358704062,3.256440
baseline,train_loss,359740779,3.238322
baseline,train_loss,360777496,3.266763
baseline,train_loss,361814213,3.242562
baseline,train_loss,362850930,3.271340
baseline,train_loss,363887647,3.269223
baseline,train_loss,364924364,3.256461
baseline,train_loss,365961081,3.272377
baseline,train_loss,366997798,3.211134
baseline,train_loss,368034515,3.219427
baseline,train_loss,369071232,3.242321
baseline,train_loss,370107949,3.248624
baseline,train_loss,371144666,3.269302
baseline,train_loss,372181383,3.249575
baseline,train_loss,373218100,3.239619
baseline,train_loss,374254817,3.255395
baseline,train_loss,375291534,3.248487
baseline,train_loss,376328250,3.237746
baseline,train_loss,377364967,3.251562
baseline,train_loss,378401684,3.241083
baseline,train_loss,379438401,3.221761
baseline,train_loss,380475118,3.234650
baseline,train_loss,381511835,3.204595
baseline,train_loss,382548552,3.217162
baseline,train_loss,383585269,3.209426
baseline,train_loss,384621986,3.223399
baseline,train_loss,385658703,3.295359
baseline,train_loss,386695420,3.260251
baseline,train_loss,387732137,3.281223
baseline,train_loss,388768854,3.241357
baseline,train_loss,389805571,3.248451
baseline,train_loss,390842288,3.232947
baseline,train_loss,391879005,3.203989
baseline,train_loss,392915722,3.214581
baseline,train_loss,393952439,3.196350
baseline,train_loss,394989155,3.202828
baseline,train_loss,396025872,3.262830
baseline,train_loss,397062589,3.234361
baseline,train_loss,398099306,3.203207
baseline,train_loss,399136023,3.238779
baseline,train_loss,400172740,3.187679
baseline,train_loss,401209457,3.214442
baseline,train_loss,402246174,3.207617
baseline,train_loss,403282891,3.211338
baseline,train_loss,404319608,3.246649
baseline,train_loss,405356325,3.256466
baseline,train_loss,406393042,3.220459
baseline,train_loss,407429759,3.258363
baseline,train_loss,408466476,3.234560
baseline,train_loss,409503193,3.219609
baseline,train_loss,410539910,3.271858
baseline,train_loss,411576627,3.192018
baseline,train_loss,412613343,3.194007
baseline,train_loss,413650060,3.165095
baseline,train_loss,414686777,3.214944
baseline,train_loss,415723494,3.223783
baseline,train_loss,416760211,3.191556
baseline,train_loss,417796928,3.185789
baseline,train_loss,418833645,3.209519
baseline,train_loss,419870362,3.271130
baseline,train_loss,420907079,3.183648
baseline,train_loss,421943796,3.194241
baseline,train_loss,422980513,3.201981
baseline,train_loss,424017230,3.132763
baseline,train_loss,425053947,3.169786
baseline,train_loss,426090664,3.184213
baseline,train_loss,427127381,3.197116
baseline,train_loss,428164098,3.170798
baseline,train_loss,429200815,3.188729
baseline,train_loss,430237532,3.194249
baseline,train_loss,431274248,3.180246
baseline,train_loss,432310965,3.161887
baseline,train_loss,433347682,3.133577
baseline,train_loss,434384399,3.191037
baseline,train_loss,435421116,3.173316
baseline,train_loss,436457833,3.173007
baseline,train_loss,437494550,3.172543
baseline,train_loss,438531267,3.151032
baseline,train_loss,439567984,3.178838
baseline,train_loss,440604701,3.215369
baseline,train_loss,441641418,3.175211
baseline,train_loss,442678135,3.225836
baseline,train_loss,443714852,3.186174
baseline,train_loss,444751569,3.177558
baseline,train_loss,445788286,3.170231
baseline,train_loss,446825003,3.194835
baseline,train_loss,447861720,3.224494
baseline,train_loss,448898437,3.162104
baseline,train_loss,449935153,3.195447
baseline,train_loss,450971870,3.206702
baseline,train_loss,452008587,3.214063
baseline,train_loss,453045304,3.239775
baseline,train_loss,454082021,3.227724
baseline,train_loss,455118738,3.233297
baseline,train_loss,456155455,3.178809
baseline,train_loss,457192172,3.158612
baseline,train_loss,458228889,3.184712
baseline,train_loss,459265606,3.134578
baseline,train_loss,460302323,3.181309
baseline,train_loss,461339040,3.145579
baseline,train_loss,462375757,3.146839
baseline,train_loss,463412474,3.128510
baseline,train_loss,464449191,3.162911
baseline,train_loss,465485908,3.240563
baseline,train_loss,466522625,3.124329
baseline,train_loss,467559342,3.166870
baseline,train_loss,468596058,3.169148
baseline,train_loss,469632775,3.183924
baseline,train_loss,470669492,3.195669
baseline,train_loss,471706209,3.230512
baseline,train_loss,472742926,3.165611
baseline,train_loss,473779643,3.129174
baseline,train_loss,474816360,3.165805
baseline,train_loss,475853077,3.128158
baseline,train_loss,476889794,3.214713
baseline,train_loss,477926511,3.178088
baseline,train_loss,478963228,3.181010
baseline,train_loss,479999945,3.202002
baseline,train_loss,481036662,3.167306
baseline,train_loss,482073379,3.157146
baseline,train_loss,483110096,3.139869
baseline,train_loss,484146813,3.185546
baseline,train_loss,485183530,3.140563
baseline,train_loss,486220246,3.102298
baseline,train_loss,487256963,3.166008
baseline,train_loss,488293680,3.160155
baseline,train_loss,489330397,3.171374
baseline,train_loss,490367114,3.155671
baseline,train_loss,491403831,3.186250
baseline,train_loss,492440548,3.163743
baseline,train_loss,493477265,3.143589
baseline,train_loss,494513982,3.122432
baseline,train_loss,495550699,3.161978
baseline,train_loss,496587416,3.194354
baseline,train_loss,497624133,3.144818
baseline,train_loss,498660850,3.187220
baseline,train_loss,499697567,3.180218
baseline,train_loss,500734284,3.149979
baseline,train_loss,501771001,3.158776
baseline,train_loss,502807718,3.122513
baseline,train_loss,503844435,3.173147
baseline,train_loss,504881151,3.117036
baseline,train_loss,505917868,3.144753
baseline,train_loss,506954585,3.132329
baseline,train_loss,507991302,3.162335
baseline,train_loss,509028019,3.137715
baseline,train_loss,510064736,3.194518
baseline,train_loss,511101453,3.127392
baseline,train_loss,512138170,3.130545
baseline,train_loss,513174887,3.150571
baseline,train_loss,514211604,3.131855
baseline,train_loss,515248321,3.118998
baseline,train_loss,516285038,3.136207
baseline,train_loss,517321755,3.106446
baseline,train_loss,518358472,3.098160
baseline,train_loss,519395189,3.121338
baseline,eval_loss,10367169,6.962890
baseline,eval_loss,20734339,6.054993
baseline,eval_loss,31101508,5.426656
baseline,eval_loss,41468678,5.066206
baseline,eval_loss,51835847,4.811540
baseline,eval_loss,62203017,4.596407
baseline,eval_loss,72570186,4.442954
baseline,eval_loss,82937355,4.318883
baseline,eval_loss,93304525,4.211304
baseline,eval_loss,103671694,4.129969
baseline,eval_loss,114038864,4.035175
baseline,eval_loss,124406033,3.985389
baseline,eval_loss,134773203,3.933167
baseline,eval_loss,145140372,3.872323
baseline,eval_loss,155507542,3.810651
baseline,eval_loss,165874711,3.753270
baseline,eval_loss,176241880,3.663726
baseline,eval_loss,186609050,3.617551
baseline,eval_loss,196976219,3.564648
baseline,eval_loss,207343389,3.517796
baseline,eval_loss,217710558,3.488867
baseline,eval_loss,228077728,3.462339
baseline,eval_loss,238444897,3.437721
baseline,eval_loss,248812066,3.420401
baseline,eval_loss,259179236,3.403861
baseline,eval_loss,269546405,3.384729
baseline,eval_loss,279913575,3.370325
baseline,eval_loss,290280744,3.354627
baseline,eval_loss,300647914,3.339256
baseline,eval_loss,311015083,3.323753
baseline,eval_loss,321382252,3.309180
baseline,eval_loss,331749422,3.291702
baseline,eval_loss,342116591,3.288476
baseline,eval_loss,352483761,3.270126
baseline,eval_loss,362850930,3.261035
baseline,eval_loss,373218100,3.254629
baseline,eval_loss,383585269,3.243677
baseline,eval_loss,393952439,3.235576
baseline,eval_loss,404319608,3.223548
baseline,eval_loss,414686777,3.216939
baseline,eval_loss,425053947,3.216803
baseline,eval_loss,435421116,3.204384
baseline,eval_loss,445788286,3.202316
baseline,eval_loss,456155455,3.197250
baseline,eval_loss,466522625,3.189141
baseline,eval_loss,476889794,3.182759
baseline,eval_loss,487256963,3.173434
baseline,eval_loss,497624133,3.166968
baseline,eval_loss,507991302,3.160296
baseline,eval_loss,518358472,3.155747
baseline,tok_per_sec,2073434,318284.000000
baseline,tok_per_sec,3110151,327120.000000
baseline,tok_per_sec,4146868,327134.000000
baseline,tok_per_sec,5183585,319956.000000
baseline,tok_per_sec,6220302,329084.000000
baseline,tok_per_sec,7257019,321229.000000
baseline,tok_per_sec,8293736,328232.000000
baseline,tok_per_sec,9330452,336463.000000
baseline,tok_per_sec,10367169,318638.000000
baseline,tok_per_sec,11403886,18340.000000
baseline,tok_per_sec,12440603,327048.000000
baseline,tok_per_sec,13477320,322924.000000
baseline,tok_per_sec,14514037,322979.000000
baseline,tok_per_sec,15550754,339287.000000
baseline,tok_per_sec,16587471,315958.000000
baseline,tok_per_sec,17624188,320792.000000
baseline,tok_per_sec,18660905,318962.000000
baseline,tok_per_sec,19697622,328290.000000
baseline,tok_per_sec,20734339,325241.000000
baseline,tok_per_sec,21771056,233814.000000
baseline,tok_per_sec,22807773,345150.000000
baseline,tok_per_sec,23844490,320418.000000
baseline,tok_per_sec,24881207,323617.000000
baseline,tok_per_sec,25917924,318519.000000
baseline,tok_per_sec,26954641,329871.000000
baseline,tok_per_sec,27991357,327487.000000
baseline,tok_per_sec,29028074,335731.000000
baseline,tok_per_sec,30064791,303143.000000
baseline,tok_per_sec,31101508,333645.000000
baseline,tok_per_sec,32138225,227867.000000
baseline,tok_per_sec,33174942,330485.000000
baseline,tok_per_sec,34211659,344186.000000
baseline,tok_per_sec,35248376,327415.000000
baseline,tok_per_sec,36285093,306513.000000
baseline,tok_per_sec,37321810,324604.000000
baseline,tok_per_sec,38358527,319292.000000
baseline,tok_per_sec,39395244,323140.000000
baseline,tok_per_sec,40431961,314663.000000
baseline,tok_per_sec,41468678,325416.000000
baseline,tok_per_sec,42505395,236525.000000
baseline,tok_per_sec,43542112,332518.000000
baseline,tok_per_sec,44578829,321656.000000
baseline,tok_per_sec,45615546,322556.000000
baseline,tok_per_sec,46652262,232615.000000
baseline,tok_per_sec,47688979,323997.000000
baseline,tok_per_sec,48725696,306990.000000
baseline,tok_per_sec,49762413,330300.000000
baseline,tok_per_sec,50799130,331607.000000
baseline,tok_per_sec,51835847,327727.000000
baseline,tok_per_sec,52872564,248899.000000
baseline,tok_per_sec,53909281,284352.000000
baseline,tok_per_sec,54945998,335491.000000
baseline,tok_per_sec,55982715,299622.000000
baseline,tok_per_sec,57019432,304933.000000
baseline,tok_per_sec,58056149,328763.000000
baseline,tok_per_sec,59092866,312847.000000
baseline,tok_per_sec,60129583,325603.000000
baseline,tok_per_sec,61166300,321835.000000
baseline,tok_per_sec,62203017,332031.000000
baseline,tok_per_sec,63239734,235277.000000
baseline,tok_per_sec,64276450,337541.000000
baseline,tok_per_sec,65313167,325446.000000
baseline,tok_per_sec,66349884,332423.000000
baseline,tok_per_sec,67386601,313910.000000
baseline,tok_per_sec,68423318,319795.000000
baseline,tok_per_sec,69460035,329786.000000
baseline,tok_per_sec,70496752,318191.000000
baseline,tok_per_sec,71533469,331408.000000
baseline,tok_per_sec,72570186,308246.000000
baseline,tok_per_sec,73606903,233950.000000
baseline,tok_per_sec,74643620,317500.000000
baseline,tok_per_sec,75680337,315851.000000
baseline,tok_per_sec,76717054,316663.000000
baseline,tok_per_sec,77753771,321259.000000
baseline,tok_per_sec,78790488,308242.000000
baseline,tok_per_sec,79827205,334580.000000
baseline,tok_per_sec,80863922,306744.000000
baseline,tok_per_sec,81900639,320934.000000
baseline,tok_per_sec,82937355,326286.000000
baseline,tok_per_sec,83974072,242758.000000
baseline,tok_per_sec,85010789,317077.000000
baseline,tok_per_sec,86047506,261100.000000
baseline,tok_per_sec,87084223,325346.000000
baseline,tok_per_sec,88120940,320875.000000
baseline,tok_per_sec,89157657,325051.000000
baseline,tok_per_sec,90194374,315570.000000
baseline,tok_per_sec,91231091,319153.000000
baseline,tok_per_sec,92267808,330430.000000
baseline,tok_per_sec,93304525,320382.000000
baseline,tok_per_sec,94341242,226725.000000
baseline,tok_per_sec,95377959,329055.000000
baseline,tok_per_sec,96414676,321257.000000
baseline,tok_per_sec,97451393,339106.000000
baseline,tok_per_sec,98488110,334125.000000
baseline,tok_per_sec,99524827,333014.000000
baseline,tok_per_sec,100561544,310786.000000
baseline,tok_per_sec,101598260,332028.000000
baseline,tok_per_sec,102634977,314691.000000
baseline,tok_per_sec,103671694,320559.000000
baseline,tok_per_sec,104708411,232886.000000
baseline,tok_per_sec,105745128,330741.000000
baseline,tok_per_sec,106781845,319764.000000
baseline,tok_per_sec,107818562,333780.000000
baseline,tok_per_sec,108855279,327332.000000
baseline,tok_per_sec,109891996,322605.000000
baseline,tok_per_sec,110928713,322594.000000
baseline,tok_per_sec,111965430,317551.000000
baseline,tok_per_sec,113002147,321582.000000
baseline,tok_per_sec,114038864,323008.000000
baseline,tok_per_sec,115075581,237450.000000
baseline,tok_per_sec,116112298,321005.000000
baseline,tok_per_sec,117149015,323204.000000
baseline,tok_per_sec,118185732,327281.000000
baseline,tok_per_sec,119222448,327819.000000
baseline,tok_per_sec,120259165,295536.000000
baseline,tok_per_sec,121295882,317900.000000
baseline,tok_per_sec,122332599,323798.000000
baseline,tok_per_sec,123369316,313726.000000
baseline,tok_per_sec,124406033,323837.000000
baseline,tok_per_sec,125442750,236797.000000
baseline,tok_per_sec,126479467,318668.000000
baseline,tok_per_sec,127516184,317511.000000
baseline,tok_per_sec,128552901,318415.000000
baseline,tok_per_sec,129589618,321952.000000
baseline,tok_per_sec,130626335,311416.000000
baseline,tok_per_sec,131663052,317298.000000
baseline,tok_per_sec,132699769,310414.000000
baseline,tok_per_sec,133736486,312182.000000
baseline,tok_per_sec,134773203,315453.000000
baseline,tok_per_sec,135809920,242366.000000
baseline,tok_per_sec,136846637,325712.000000
baseline,tok_per_sec,137883353,309548.000000
baseline,tok_per_sec,138920070,319695.000000
baseline,tok_per_sec,139956787,325867.000000
baseline,tok_per_sec,140993504,315568.000000
baseline,tok_per_sec,142030221,315573.000000
baseline,tok_per_sec,143066938,316092.000000
baseline,tok_per_sec,144103655,313748.000000
baseline,tok_per_sec,145140372,317783.000000
baseline,tok_per_sec,146177089,238549.000000
baseline,tok_per_sec,147213806,318788.000000
baseline,tok_per_sec,148250523,301732.000000
baseline,tok_per_sec,149287240,302495.000000
baseline,tok_per_sec,150323957,333429.000000
baseline,tok_per_sec,151360674,312986.000000
baseline,tok_per_sec,152397391,327869.000000
baseline,tok_per_sec,153434108,310744.000000
baseline,tok_per_sec,154470825,328815.000000
baseline,tok_per_sec,155507542,321158.000000
baseline,tok_per_sec,156544258,230991.000000
baseline,tok_per_sec,157580975,315298.000000
baseline,tok_per_sec,158617692,328738.000000
baseline,tok_per_sec,159654409,308500.000000
baseline,tok_per_sec,160691126,312189.000000
baseline,tok_per_sec,161727843,336302.000000
baseline,tok_per_sec,162764560,314398.000000
baseline,tok_per_sec,163801277,317820.000000
baseline,tok_per_sec,164837994,322585.000000
baseline,tok_per_sec,165874711,309354.000000
baseline,tok_per_sec,166911428,236743.000000
baseline,tok_per_sec,167948145,322315.000000
baseline,tok_per_sec,168984862,316823.000000
baseline,tok_per_sec,170021579,320239.000000
baseline,tok_per_sec,171058296,315780.000000
baseline,tok_per_sec,172095013,313408.000000
baseline,tok_per_sec,173131730,314990.000000
baseline,tok_per_sec,174168447,347302.000000
baseline,tok_per_sec,175205163,323752.000000
baseline,tok_per_sec,176241880,316301.000000
baseline,tok_per_sec,177278597,235598.000000
baseline,tok_per_sec,178315314,320272.000000
baseline,tok_per_sec,179352031,349125.000000
baseline,tok_per_sec,180388748,301148.000000
baseline,tok_per_sec,181425465,329442.000000
baseline,tok_per_sec,182462182,303611.000000
baseline,tok_per_sec,183498899,320326.000000
baseline,tok_per_sec,184535616,312263.000000
baseline,tok_per_sec,185572333,301897.000000
baseline,tok_per_sec,186609050,293828.000000
baseline,tok_per_sec,187645767,247449.000000
baseline,tok_per_sec,188682484,286856.000000
baseline,tok_per_sec,189719201,304668.000000
baseline,tok_per_sec,190755918,324172.000000
baseline,tok_per_sec,191792635,311596.000000
baseline,tok_per_sec,192829351,339601.000000
baseline,tok_per_sec,193866068,323198.000000
baseline,tok_per_sec,194902785,302544.000000
baseline,tok_per_sec,195939502,319734.000000
baseline,tok_per_sec,196976219,318784.000000
baseline,tok_per_sec,198012936,238277.000000
baseline,tok_per_sec,199049653,325741.000000
baseline,tok_per_sec,200086370,336319.000000
baseline,tok_per_sec,201123087,314937.000000
baseline,tok_per_sec,202159804,302100.000000
baseline,tok_per_sec,203196521,317880.000000
baseline,tok_per_sec,204233238,311268.000000
baseline,tok_per_sec,205269955,324267.000000
baseline,tok_per_sec,206306672,314785.000000
baseline,tok_per_sec,207343389,316816.000000
baseline,tok_per_sec,208380106,230732.000000
baseline,tok_per_sec,209416823,322495.000000
baseline,tok_per_sec,210453540,319440.000000
baseline,tok_per_sec,211490256,323566.000000
baseline,tok_per_sec,212526973,313915.000000
baseline,tok_per_sec,213563690,323498.000000
baseline,tok_per_sec,214600407,336525.000000
baseline,tok_per_sec,215637124,306358.000000
baseline,tok_per_sec,216673841,314945.000000
baseline,tok_per_sec,217710558,296416.000000
baseline,tok_per_sec,218747275,230987.000000
baseline,tok_per_sec,219783992,330172.000000
baseline,tok_per_sec,220820709,320399.000000
baseline,tok_per_sec,221857426,326437.000000
baseline,tok_per_sec,222894143,323089.000000
baseline,tok_per_sec,223930860,316637.000000
baseline,tok_per_sec,224967577,300353.000000
baseline,tok_per_sec,226004294,335741.000000
baseline,tok_per_sec,227041011,320916.000000
baseline,tok_per_sec,228077728,313171.000000
baseline,tok_per_sec,229114445,235668.000000
baseline,tok_per_sec,230151161,319709.000000
baseline,tok_per_sec,231187878,326639.000000
baseline,tok_per_sec,232224595,312119.000000
baseline,tok_per_sec,233261312,307079.000000
baseline,tok_per_sec,234298029,316650.000000
baseline,tok_per_sec,235334746,323069.000000
baseline,tok_per_sec,236371463,329556.000000
baseline,tok_per_sec,237408180,327586.000000
baseline,tok_per_sec,238444897,317675.000000
baseline,tok_per_sec,239481614,240971.000000
baseline,tok_per_sec,240518331,334424.000000
baseline,tok_per_sec,241555048,331064.000000
baseline,tok_per_sec,242591765,263880.000000
baseline,tok_per_sec,243628482,328242.000000
baseline,tok_per_sec,244665199,304122.000000
baseline,tok_per_sec,245701916,315057.000000
baseline,tok_per_sec,246738633,313984.000000
baseline,tok_per_sec,247775349,317009.000000
baseline,tok_per_sec,248812066,313995.000000
baseline,tok_per_sec,249848783,232844.000000
baseline,tok_per_sec,250885500,327999.000000
baseline,tok_per_sec,251922217,316291.000000
baseline,tok_per_sec,252958934,316735.000000
baseline,tok_per_sec,253995651,312186.000000
baseline,tok_per_sec,255032368,317082.000000
baseline,tok_per_sec,256069085,317930.000000
baseline,tok_per_sec,257105802,329280.000000
baseline,tok_per_sec,258142519,314343.000000
baseline,tok_per_sec,259179236,310210.000000
baseline,tok_per_sec,260215953,239891.000000
baseline,tok_per_sec,261252670,310267.000000
baseline,tok_per_sec,262289387,322707.000000
baseline,tok_per_sec,263326104,336249.000000
baseline,tok_per_sec,264362821,292594.000000
baseline,tok_per_sec,265399538,334741.000000
baseline,tok_per_sec,266436254,319913.000000
baseline,tok_per_sec,267472971,314489.000000
baseline,tok_per_sec,268509688,328469.000000
baseline,tok_per_sec,269546405,306933.000000
baseline,tok_per_sec,270583122,237173.000000
baseline,tok_per_sec,271619839,311013.000000
baseline,tok_per_sec,272656556,338911.000000
baseline,tok_per_sec,273693273,318149.000000
baseline,tok_per_sec,274729990,321685.000000
baseline,tok_per_sec,275766707,305913.000000
baseline,tok_per_sec,276803424,327221.000000
baseline,tok_per_sec,277840141,313129.000000
baseline,tok_per_sec,278876858,313435.000000
baseline,tok_per_sec,279913575,332328.000000
baseline,tok_per_sec,280950292,237102.000000
baseline,tok_per_sec,281987009,308606.000000
baseline,tok_per_sec,283023726,309537.000000
baseline,tok_per_sec,284060443,327590.000000
baseline,tok_per_sec,285097159,315881.000000
baseline,tok_per_sec,286133876,338921.000000
baseline,tok_per_sec,287170593,319977.000000
baseline,tok_per_sec,288207310,313725.000000
baseline,tok_per_sec,289244027,330638.000000
baseline,tok_per_sec,290280744,338132.000000
baseline,tok_per_sec,291317461,239370.000000
baseline,tok_per_sec,292354178,316739.000000
baseline,tok_per_sec,293390895,314688.000000
baseline,tok_per_sec,294427612,326734.000000
baseline,tok_per_sec,295464329,324899.000000
baseline,tok_per_sec,296501046,312891.000000
baseline,tok_per_sec,297537763,319541.000000
baseline,tok_per_sec,298574480,320118.000000
baseline,tok_per_sec,299611197,315205.000000
baseline,tok_per_sec,300647914,328545.000000
baseline,tok_per_sec,301684631,234241.000000
baseline,tok_per_sec,302721347,312530.000000
baseline,tok_per_sec,303758064,304334.000000
baseline,tok_per_sec,304794781,214681.000000
baseline,tok_per_sec,305831498,317111.000000
baseline,tok_per_sec,306868215,321337.000000
baseline,tok_per_sec,307904932,343694.000000
baseline,tok_per_sec,308941649,310340.000000
baseline,tok_per_sec,309978366,323163.000000
baseline,tok_per_sec,311015083,318034.000000
baseline,tok_per_sec,312051800,235843.000000
baseline,tok_per_sec,313088517,318252.000000
baseline,tok_per_sec,314125234,343685.000000
baseline,tok_per_sec,315161951,306304.000000
baseline,tok_per_sec,316198668,290658.000000
baseline,tok_per_sec,317235385,315932.000000
baseline,tok_per_sec,318272102,313566.000000
baseline,tok_per_sec,319308819,331502.000000
baseline,tok_per_sec,320345536,292578.000000
baseline,tok_per_sec,321382252,323300.000000
baseline,tok_per_sec,322418969,231916.000000
baseline,tok_per_sec,323455686,317359.000000
baseline,tok_per_sec,324492403,319171.000000
baseline,tok_per_sec,325529120,320459.000000
baseline,tok_per_sec,326565837,322025.000000
baseline,tok_per_sec,327602554,296186.000000
baseline,tok_per_sec,328639271,341378.000000
baseline,tok_per_sec,329675988,314716.000000
baseline,tok_per_sec,330712705,333108.000000
baseline,tok_per_sec,331749422,320892.000000
baseline,tok_per_sec,332786139,235857.000000
baseline,tok_per_sec,333822856,326844.000000
baseline,tok_per_sec,334859573,304303.000000
baseline,tok_per_sec,335896290,327432.000000
baseline,tok_per_sec,336933007,304114.000000
baseline,tok_per_sec,337969724,328361.000000
baseline,tok_per_sec,339006441,331890.000000
baseline,tok_per_sec,340043157,307836.000000
baseline,tok_per_sec,341079874,320203.000000
baseline,tok_per_sec,342116591,319663.000000
baseline,tok_per_sec,343153308,236463.000000
baseline,tok_per_sec,344190025,292590.000000
baseline,tok_per_sec,345226742,319675.000000
baseline,tok_per_sec,346263459,311953.000000
baseline,tok_per_sec,347300176,316339.000000
baseline,tok_per_sec,348336893,328954.000000
baseline,tok_per_sec,349373610,322464.000000
baseline,tok_per_sec,350410327,316890.000000
baseline,tok_per_sec,351447044,333490.000000
baseline,tok_per_sec,352483761,310289.000000
baseline,tok_per_sec,353520478,232611.000000
baseline,tok_per_sec,354557195,321165.000000
baseline,tok_per_sec,355593912,325117.000000
baseline,tok_per_sec,356630629,309508.000000
baseline,tok_per_sec,357667345,295406.000000
baseline,tok_per_sec,358704062,330658.000000
baseline,tok_per_sec,359740779,317337.000000
baseline,tok_per_sec,360777496,321380.000000
baseline,tok_per_sec,361814213,323553.000000
baseline,tok_per_sec,362850930,315189.000000
baseline,tok_per_sec,363887647,234591.000000
baseline,tok_per_sec,364924364,314848.000000
baseline,tok_per_sec,365961081,331245.000000
baseline,tok_per_sec,366997798,307862.000000
baseline,tok_per_sec,368034515,322367.000000
baseline,tok_per_sec,369071232,332860.000000
baseline,tok_per_sec,370107949,322004.000000
baseline,tok_per_sec,371144666,317248.000000
baseline,tok_per_sec,372181383,323976.000000
baseline,tok_per_sec,373218100,309484.000000
baseline,tok_per_sec,374254817,237894.000000
baseline,tok_per_sec,375291534,325086.000000
baseline,tok_per_sec,376328250,313483.000000
baseline,tok_per_sec,377364967,322663.000000
baseline,tok_per_sec,378401684,327214.000000
baseline,tok_per_sec,379438401,317709.000000
baseline,tok_per_sec,380475118,325721.000000
baseline,tok_per_sec,381511835,312201.000000
baseline,tok_per_sec,382548552,315812.000000
baseline,tok_per_sec,383585269,324386.000000
baseline,tok_per_sec,384621986,235147.000000
baseline,tok_per_sec,385658703,297905.000000
baseline,tok_per_sec,386695420,323419.000000
baseline,tok_per_sec,387732137,306235.000000
baseline,tok_per_sec,388768854,330215.000000
baseline,tok_per_sec,389805571,305915.000000
baseline,tok_per_sec,390842288,314641.000000
baseline,tok_per_sec,391879005,322441.000000
baseline,tok_per_sec,392915722,318937.000000
baseline,tok_per_sec,393952439,323653.000000
baseline,tok_per_sec,394989155,230386.000000
baseline,tok_per_sec,396025872,319915.000000
baseline,tok_per_sec,397062589,327544.000000
baseline,tok_per_sec,398099306,317365.000000
baseline,tok_per_sec,399136023,309259.000000
baseline,tok_per_sec,400172740,324110.000000
baseline,tok_per_sec,401209457,317060.000000
baseline,tok_per_sec,402246174,326106.000000
baseline,tok_per_sec,403282891,319395.000000
baseline,tok_per_sec,404319608,333358.000000
baseline,tok_per_sec,405356325,233938.000000
baseline,tok_per_sec,406393042,307700.000000
baseline,tok_per_sec,407429759,327592.000000
baseline,tok_per_sec,408466476,316921.000000
baseline,tok_per_sec,409503193,325631.000000
baseline,tok_per_sec,410539910,310087.000000
baseline,tok_per_sec,411576627,319327.000000
baseline,tok_per_sec,412613343,306863.000000
baseline,tok_per_sec,413650060,325631.000000
baseline,tok_per_sec,414686777,325328.000000
baseline,tok_per_sec,415723494,212692.000000
baseline,tok_per_sec,416760211,322242.000000
baseline,tok_per_sec,417796928,314711.000000
baseline,tok_per_sec,418833645,299923.000000
baseline,tok_per_sec,419870362,304985.000000
baseline,tok_per_sec,420907079,327990.000000
baseline,tok_per_sec,421943796,322028.000000
baseline,tok_per_sec,422980513,317485.000000
baseline,tok_per_sec,424017230,312663.000000
baseline,tok_per_sec,425053947,304075.000000
baseline,tok_per_sec,426090664,232275.000000
baseline,tok_per_sec,427127381,323548.000000
baseline,tok_per_sec,428164098,309602.000000
baseline,tok_per_sec,429200815,315394.000000
baseline,tok_per_sec,430237532,313858.000000
baseline,tok_per_sec,431274248,316791.000000
baseline,tok_per_sec,432310965,321016.000000
baseline,tok_per_sec,433347682,316703.000000
baseline,tok_per_sec,434384399,321866.000000
baseline,tok_per_sec,435421116,311489.000000
baseline,tok_per_sec,436457833,231810.000000
baseline,tok_per_sec,437494550,313059.000000
baseline,tok_per_sec,438531267,325722.000000
baseline,tok_per_sec,439567984,304350.000000
baseline,tok_per_sec,440604701,328710.000000
baseline,tok_per_sec,441641418,307691.000000
baseline,tok_per_sec,442678135,317963.000000
baseline,tok_per_sec,443714852,317971.000000
baseline,tok_per_sec,444751569,321891.000000
baseline,tok_per_sec,445788286,306078.000000
baseline,tok_per_sec,446825003,231109.000000
baseline,tok_per_sec,447861720,315085.000000
baseline,tok_per_sec,448898437,319124.000000
baseline,tok_per_sec,449935153,316648.000000
baseline,tok_per_sec,450971870,322211.000000
baseline,tok_per_sec,452008587,294747.000000
baseline,tok_per_sec,453045304,312678.000000
baseline,tok_per_sec,454082021,321264.000000
baseline,tok_per_sec,455118738,308500.000000
baseline,tok_per_sec,456155455,328814.000000
baseline,tok_per_sec,457192172,235965.000000
baseline,tok_per_sec,458228889,306241.000000
baseline,tok_per_sec,459265606,312463.000000
baseline,tok_per_sec,460302323,318192.000000
baseline,tok_per_sec,461339040,322986.000000
baseline,tok_per_sec,462375757,324393.000000
baseline,tok_per_sec,463412474,310277.000000
baseline,tok_per_sec,464449191,346792.000000
baseline,tok_per_sec,465485908,312094.000000
baseline,tok_per_sec,466522625,322583.000000
baseline,tok_per_sec,467559342,236594.000000
baseline,tok_per_sec,468596058,329425.000000
baseline,tok_per_sec,469632775,318553.000000
baseline,tok_per_sec,470669492,321648.000000
baseline,tok_per_sec,471706209,313563.000000
baseline,tok_per_sec,472742926,313083.000000
baseline,tok_per_sec,473779643,321168.000000
baseline,tok_per_sec,474816360,315054.000000
baseline,tok_per_sec,475853077,325116.000000
baseline,tok_per_sec,476889794,308815.000000
baseline,tok_per_sec,477926511,232613.000000
baseline,tok_per_sec,478963228,318575.000000
baseline,tok_per_sec,479999945,319640.000000
baseline,tok_per_sec,481036662,310342.000000
baseline,tok_per_sec,482073379,314535.000000
baseline,tok_per_sec,483110096,313579.000000
baseline,tok_per_sec,484146813,315456.000000
baseline,tok_per_sec,485183530,307341.000000
baseline,tok_per_sec,486220246,329292.000000
baseline,tok_per_sec,487256963,317881.000000
baseline,tok_per_sec,488293680,234929.000000
baseline,tok_per_sec,489330397,309730.000000
baseline,tok_per_sec,490367114,348566.000000
baseline,tok_per_sec,491403831,302871.000000
baseline,tok_per_sec,492440548,333830.000000
baseline,tok_per_sec,493477265,311312.000000
baseline,tok_per_sec,494513982,313332.000000
baseline,tok_per_sec,495550699,318926.000000
baseline,tok_per_sec,496587416,318333.000000
baseline,tok_per_sec,497624133,310433.000000
baseline,tok_per_sec,498660850,226397.000000
baseline,tok_per_sec,499697567,322959.000000
baseline,tok_per_sec,500734284,321560.000000
baseline,tok_per_sec,501771001,321755.000000
baseline,tok_per_sec,502807718,310852.000000
baseline,tok_per_sec,503844435,313518.000000
baseline,tok_per_sec,504881151,324533.000000
baseline,tok_per_sec,505917868,322751.000000
baseline,tok_per_sec,506954585,311464.000000
baseline,tok_per_sec,507991302,330391.000000
baseline,tok_per_sec,509028019,229009.000000
baseline,tok_per_sec,510064736,322413.000000
baseline,tok_per_sec,511101453,317957.000000
baseline,tok_per_sec,512138170,327160.000000
baseline,tok_per_sec,513174887,311711.000000
baseline,tok_per_sec,514211604,322611.000000
baseline,tok_per_sec,515248321,316573.000000
baseline,tok_per_sec,516285038,318324.000000
baseline,tok_per_sec,517321755,316927.000000
baseline,tok_per_sec,518358472,318349.000000
baseline,tok_per_sec,519395189,237364.000000
baseline,grad_norm,1036717,0.432195
baseline,grad_norm,2073434,0.434983
baseline,grad_norm,3110151,0.487411
baseline,grad_norm,4146868,1.016623
baseline,grad_norm,5183585,1.155566
baseline,grad_norm,6220302,0.731074
baseline,grad_norm,7257019,0.516546
baseline,grad_norm,8293736,0.408976
baseline,grad_norm,9330452,0.351647
baseline,grad_norm,10367169,0.361331
baseline,grad_norm,11403886,0.291307
baseline,grad_norm,12440603,0.327693
baseline,grad_norm,13477320,0.336300
baseline,grad_norm,14514037,0.343341
baseline,grad_norm,15550754,0.352895
baseline,grad_norm,16587471,0.372517
baseline,grad_norm,17624188,0.389416
baseline,grad_norm,18660905,0.470799
baseline,grad_norm,19697622,0.426820
baseline,grad_norm,20734339,0.542831
baseline,grad_norm,21771056,0.576427
baseline,grad_norm,22807773,0.573741
baseline,grad_norm,23844490,0.461977
baseline,grad_norm,24881207,0.658431
baseline,grad_norm,25917924,0.540158
baseline,grad_norm,26954641,0.552842
baseline,grad_norm,27991357,0.522807
baseline,grad_norm,29028074,0.435445
baseline,grad_norm,30064791,0.475008
baseline,grad_norm,31101508,0.501946
baseline,grad_norm,32138225,0.588377
baseline,grad_norm,33174942,0.566185
baseline,grad_norm,34211659,0.460842
baseline,grad_norm,35248376,0.516957
baseline,grad_norm,36285093,0.527895
baseline,grad_norm,37321810,0.480163
baseline,grad_norm,38358527,0.576047
baseline,grad_norm,39395244,0.536576
baseline,grad_norm,40431961,0.478008
baseline,grad_norm,41468678,0.471630
baseline,grad_norm,42505395,0.543155
baseline,grad_norm,43542112,0.523556
baseline,grad_norm,44578829,0.486691
baseline,grad_norm,45615546,0.466498
baseline,grad_norm,46652262,0.514069
baseline,grad_norm,47688979,0.460812
baseline,grad_norm,48725696,0.480853
baseline,grad_norm,49762413,0.462036
baseline,grad_norm,50799130,0.526379
baseline,grad_norm,51835847,0.506737
baseline,grad_norm,52872564,0.516947
baseline,grad_norm,53909281,0.544022
baseline,grad_norm,54945998,0.487943
baseline,grad_norm,55982715,0.460596
baseline,grad_norm,57019432,0.513032
baseline,grad_norm,58056149,0.455377
baseline,grad_norm,59092866,0.467399
baseline,grad_norm,60129583,0.460954
baseline,grad_norm,61166300,0.502935
baseline,grad_norm,62203017,0.474774
baseline,grad_norm,63239734,0.497033
baseline,grad_norm,64276450,0.474809
baseline,grad_norm,65313167,0.500751
baseline,grad_norm,66349884,0.434979
baseline,grad_norm,67386601,0.472730
baseline,grad_norm,68423318,0.469269
baseline,grad_norm,69460035,0.480513
baseline,grad_norm,70496752,0.518569
baseline,grad_norm,71533469,0.479919
baseline,grad_norm,72570186,0.459191
baseline,grad_norm,73606903,0.464286
baseline,grad_norm,74643620,0.475274
baseline,grad_norm,75680337,0.459011
baseline,grad_norm,76717054,0.440669
baseline,grad_norm,77753771,0.482611
baseline,grad_norm,78790488,0.447701
baseline,grad_norm,79827205,0.450445
baseline,grad_norm,80863922,0.465539
baseline,grad_norm,81900639,0.437785
baseline,grad_norm,82937355,0.482873
baseline,grad_norm,83974072,0.464943
baseline,grad_norm,85010789,0.446777
baseline,grad_norm,86047506,0.419320
baseline,grad_norm,87084223,0.432904
baseline,grad_norm,88120940,0.468496
baseline,grad_norm,89157657,0.460470
baseline,grad_norm,90194374,0.461765
baseline,grad_norm,91231091,0.464197
baseline,grad_norm,92267808,0.434757
baseline,grad_norm,93304525,0.419976
baseline,grad_norm,94341242,0.447011
baseline,grad_norm,95377959,0.440931
baseline,grad_norm,96414676,0.495311
baseline,grad_norm,97451393,0.450288
baseline,grad_norm,98488110,0.445109
baseline,grad_norm,99524827,0.438186
baseline,grad_norm,100561544,0.427563
baseline,grad_norm,101598260,0.449722
baseline,grad_norm,102634977,0.464962
baseline,grad_norm,103671694,0.428016
baseline,grad_norm,104708411,0.428297
baseline,grad_norm,105745128,0.441550
baseline,grad_norm,106781845,0.432873
baseline,grad_norm,107818562,0.464440
baseline,grad_norm,108855279,0.426111
baseline,grad_norm,109891996,0.438155
baseline,grad_norm,110928713,0.416893
baseline,grad_norm,111965430,0.418519
baseline,grad_norm,113002147,0.426107
baseline,grad_norm,114038864,0.417558
baseline,grad_norm,115075581,0.422567
baseline,grad_norm,116112298,0.430244
baseline,grad_norm,117149015,0.420151
baseline,grad_norm,118185732,0.444359
baseline,grad_norm,119222448,0.464102
baseline,grad_norm,120259165,0.414503
baseline,grad_norm,121295882,0.439436
baseline,grad_norm,122332599,0.430978
baseline,grad_norm,123369316,0.423748
baseline,grad_norm,124406033,0.445098
baseline,grad_norm,125442750,0.417000
baseline,grad_norm,126479467,0.417994
baseline,grad_norm,127516184,0.445760
baseline,grad_norm,128552901,0.434129
baseline,grad_norm,129589618,0.425562
baseline,grad_norm,130626335,0.415346
baseline,grad_norm,131663052,0.426217
baseline,grad_norm,132699769,0.430208
baseline,grad_norm,133736486,0.430941
baseline,grad_norm,134773203,0.482123
baseline,grad_norm,135809920,0.444579
baseline,grad_norm,136846637,0.440167
baseline,grad_norm,137883353,0.416468
baseline,grad_norm,138920070,0.423584
baseline,grad_norm,139956787,0.438666
baseline,grad_norm,140993504,0.443555
baseline,grad_norm,142030221,0.448692
baseline,grad_norm,143066938,0.412276
baseline,grad_norm,144103655,0.440257
baseline,grad_norm,145140372,0.438813
baseline,grad_norm,146177089,0.411551
baseline,grad_norm,147213806,0.434923
baseline,grad_norm,148250523,0.437854
baseline,grad_norm,149287240,0.435875
baseline,grad_norm,150323957,0.424929
baseline,grad_norm,151360674,0.427551
baseline,grad_norm,152397391,0.420837
baseline,grad_norm,153434108,0.448063
baseline,grad_norm,154470825,0.399346
baseline,grad_norm,155507542,0.417003
baseline,grad_norm,156544258,0.436136
baseline,grad_norm,157580975,0.421920
baseline,grad_norm,158617692,0.395668
baseline,grad_norm,159654409,0.433390
baseline,grad_norm,160691126,0.421268
baseline,grad_norm,161727843,0.446380
baseline,grad_norm,162764560,0.419182
baseline,grad_norm,163801277,0.463274
baseline,grad_norm,164837994,0.420033
baseline,grad_norm,165874711,0.428840
baseline,grad_norm,166911428,0.424026
baseline,grad_norm,167948145,0.417924
baseline,grad_norm,168984862,0.410979
baseline,grad_norm,170021579,0.405777
baseline,grad_norm,171058296,0.408367
baseline,grad_norm,172095013,0.431653
baseline,grad_norm,173131730,0.423332
baseline,grad_norm,174168447,0.401015
baseline,grad_norm,175205163,0.400271
baseline,grad_norm,176241880,0.410274
baseline,grad_norm,177278597,0.406220
baseline,grad_norm,178315314,0.411487
baseline,grad_norm,179352031,0.408961
baseline,grad_norm,180388748,0.403145
baseline,grad_norm,181425465,0.397645
baseline,grad_norm,182462182,0.399782
baseline,grad_norm,183498899,0.396296
baseline,grad_norm,184535616,0.400854
baseline,grad_norm,185572333,0.405885
baseline,grad_norm,186609050,0.401122
baseline,grad_norm,187645767,0.403866
baseline,grad_norm,188682484,0.408563
baseline,grad_norm,189719201,0.408375
baseline,grad_norm,190755918,0.410181
baseline,grad_norm,191792635,0.392560
baseline,grad_norm,192829351,0.556667
baseline,grad_norm,193866068,0.454046
baseline,grad_norm,194902785,0.403004
baseline,grad_norm,195939502,0.394312
baseline,grad_norm,196976219,0.391053
baseline,grad_norm,198012936,0.371629
baseline,grad_norm,199049653,0.380962
baseline,grad_norm,200086370,0.374065
baseline,grad_norm,201123087,0.389508
baseline,grad_norm,202159804,0.384125
baseline,grad_norm,203196521,0.406243
baseline,grad_norm,204233238,0.390552
baseline,grad_norm,205269955,0.395188
baseline,grad_norm,206306672,0.391983
baseline,grad_norm,207343389,0.386862
baseline,grad_norm,208380106,0.381948
baseline,grad_norm,209416823,0.388302
baseline,grad_norm,210453540,0.395356
baseline,grad_norm,211490256,0.390885
baseline,grad_norm,212526973,0.388564
baseline,grad_norm,213563690,0.385637
baseline,grad_norm,214600407,0.385036
baseline,grad_norm,215637124,0.394104
baseline,grad_norm,216673841,0.387855
baseline,grad_norm,217710558,0.393154
baseline,grad_norm,218747275,0.396294
baseline,grad_norm,219783992,0.393000
baseline,grad_norm,220820709,0.393495
baseline,grad_norm,221857426,0.383322
baseline,grad_norm,222894143,0.383631
baseline,grad_norm,223930860,0.389302
baseline,grad_norm,224967577,0.391258
baseline,grad_norm,226004294,0.400525
baseline,grad_norm,227041011,0.388247
baseline,grad_norm,228077728,0.383198
baseline,grad_norm,229114445,0.391958
baseline,grad_norm,230151161,0.390251
baseline,grad_norm,231187878,0.384710
baseline,grad_norm,232224595,0.400670
baseline,grad_norm,233261312,0.406352
baseline,grad_norm,234298029,0.409088
baseline,grad_norm,235334746,0.401117
baseline,grad_norm,236371463,0.395060
baseline,grad_norm,237408180,0.405053
baseline,grad_norm,238444897,0.380357
baseline,grad_norm,239481614,0.384057
baseline,grad_norm,240518331,0.383914
baseline,grad_norm,241555048,0.376852
baseline,grad_norm,242591765,0.401901
baseline,grad_norm,243628482,0.393243
baseline,grad_norm,244665199,0.395016
baseline,grad_norm,245701916,0.403267
baseline,grad_norm,246738633,0.392108
baseline,grad_norm,247775349,0.401016
baseline,grad_norm,248812066,0.393741
baseline,grad_norm,249848783,0.390021
baseline,grad_norm,250885500,0.393070
baseline,grad_norm,251922217,0.391940
baseline,grad_norm,252958934,0.388800
baseline,grad_norm,253995651,0.411898
baseline,grad_norm,255032368,0.390663
baseline,grad_norm,256069085,0.405427
baseline,grad_norm,257105802,0.398862
baseline,grad_norm,258142519,0.397097
baseline,grad_norm,259179236,0.423959
baseline,grad_norm,260215953,0.395949
baseline,grad_norm,261252670,0.391962
baseline,grad_norm,262289387,0.403146
baseline,grad_norm,263326104,0.390738
baseline,grad_norm,264362821,0.394526
baseline,grad_norm,265399538,0.401218
baseline,grad_norm,266436254,0.391345
baseline,grad_norm,267472971,0.396750
baseline,grad_norm,268509688,0.388332
baseline,grad_norm,269546405,0.384921
baseline,grad_norm,270583122,0.391779
baseline,grad_norm,271619839,0.406244
baseline,grad_norm,272656556,0.384314
baseline,grad_norm,273693273,0.390390
baseline,grad_norm,274729990,0.405069
baseline,grad_norm,275766707,0.411628
baseline,grad_norm,276803424,0.406394
baseline,grad_norm,277840141,0.398396
baseline,grad_norm,278876858,0.411488
baseline,grad_norm,279913575,0.388099
baseline,grad_norm,280950292,0.381729
baseline,grad_norm,281987009,0.395315
baseline,grad_norm,283023726,0.397897
baseline,grad_norm,284060443,0.388157
baseline,grad_norm,285097159,0.390801
baseline,grad_norm,286133876,0.385461
baseline,grad_norm,287170593,0.404579
baseline,grad_norm,288207310,0.395655
baseline,grad_norm,289244027,0.399169
baseline,grad_norm,290280744,0.397045
baseline,grad_norm,291317461,0.395976
baseline,grad_norm,292354178,0.391600
baseline,grad_norm,293390895,0.398071
baseline,grad_norm,294427612,0.402441
baseline,grad_norm,295464329,0.377726
baseline,grad_norm,296501046,0.388628
baseline,grad_norm,297537763,0.394819
baseline,grad_norm,298574480,0.392681
baseline,grad_norm,299611197,0.390660
baseline,grad_norm,300647914,0.389040
baseline,grad_norm,301684631,0.384379
baseline,grad_norm,302721347,0.391906
baseline,grad_norm,303758064,0.376415
baseline,grad_norm,304794781,0.391191
baseline,grad_norm,305831498,0.390985
baseline,grad_norm,306868215,0.381683
baseline,grad_norm,307904932,0.383288
baseline,grad_norm,308941649,0.388531
baseline,grad_norm,309978366,0.389932
baseline,grad_norm,311015083,0.374094
baseline,grad_norm,312051800,0.386393
baseline,grad_norm,313088517,0.377384
baseline,grad_norm,314125234,0.387751
baseline,grad_norm,315161951,0.391817
baseline,grad_norm,316198668,0.382624
baseline,grad_norm,317235385,0.395474
baseline,grad_norm,318272102,0.383905
baseline,grad_norm,319308819,0.443224
baseline,grad_norm,320345536,0.399730
baseline,grad_norm,321382252,0.387358
baseline,grad_norm,322418969,0.407915
baseline,grad_norm,323455686,0.414921
baseline,grad_norm,324492403,0.387338
baseline,grad_norm,325529120,0.392429
baseline,grad_norm,326565837,0.372914
baseline,grad_norm,327602554,0.398906
baseline,grad_norm,328639271,0.391324
baseline,grad_norm,329675988,0.381049
baseline,grad_norm,330712705,0.384641
baseline,grad_norm,331749422,0.377217
baseline,grad_norm,332786139,0.375831
baseline,grad_norm,333822856,0.375210
baseline,grad_norm,334859573,0.373097
baseline,grad_norm,335896290,0.373588
baseline,grad_norm,336933007,0.391866
baseline,grad_norm,337969724,0.385815
baseline,grad_norm,339006441,0.380317
baseline,grad_norm,340043157,0.378267
baseline,grad_norm,341079874,0.390588
baseline,grad_norm,342116591,0.397532
baseline,grad_norm,343153308,0.398438
baseline,grad_norm,344190025,0.384327
baseline,grad_norm,345226742,0.384906
baseline,grad_norm,346263459,0.379276
baseline,grad_norm,347300176,0.377987
baseline,grad_norm,348336893,0.382689
baseline,grad_norm,349373610,0.376386
baseline,grad_norm,350410327,0.407003
baseline,grad_norm,351447044,0.397804
baseline,grad_norm,352483761,0.380440
baseline,grad_norm,353520478,0.377783
baseline,grad_norm,354557195,0.374858
baseline,grad_norm,355593912,0.376064
baseline,grad_norm,356630629,0.380215
baseline,grad_norm,357667345,0.392111
baseline,grad_norm,358704062,0.385328
baseline,grad_norm,359740779,0.380292
baseline,grad_norm,360777496,0.383620
baseline,grad_norm,361814213,0.379065
baseline,grad_norm,362850930,0.379135
baseline,grad_norm,363887647,0.380459
baseline,grad_norm,364924364,0.386365
baseline,grad_norm,365961081,0.384262
baseline,grad_norm,366997798,0.390235
baseline,grad_norm,368034515,0.404183
baseline,grad_norm,369071232,0.409895
baseline,grad_norm,370107949,0.380714
baseline,grad_norm,371144666,0.381340
baseline,grad_norm,372181383,0.375632
baseline,grad_norm,373218100,0.377120
baseline,grad_norm,374254817,0.485783
baseline,grad_norm,375291534,0.390663
baseline,grad_norm,376328250,0.385554
baseline,grad_norm,377364967,0.394573
baseline,grad_norm,378401684,0.388662
baseline,grad_norm,379438401,0.389247
baseline,grad_norm,380475118,0.392297
baseline,grad_norm,381511835,0.385587
baseline,grad_norm,382548552,0.388906
baseline,grad_norm,383585269,0.381634
baseline,grad_norm,384621986,0.392084
baseline,grad_norm,385658703,0.388375
baseline,grad_norm,386695420,0.379657
baseline,grad_norm,387732137,0.381886
baseline,grad_norm,388768854,0.381535
baseline,grad_norm,389805571,0.384274
baseline,grad_norm,390842288,0.379078
baseline,grad_norm,391879005,0.383982
baseline,grad_norm,392915722,0.381433
baseline,grad_norm,393952439,0.390003
baseline,grad_norm,394989155,0.386882
baseline,grad_norm,396025872,0.374898
baseline,grad_norm,397062589,0.382436
baseline,grad_norm,398099306,0.389932
baseline,grad_norm,399136023,0.389107
baseline,grad_norm,400172740,0.374344
baseline,grad_norm,401209457,0.376638
baseline,grad_norm,402246174,0.376641
baseline,grad_norm,403282891,0.374642
baseline,grad_norm,404319608,0.375294
baseline,grad_norm,405356325,0.384608
baseline,grad_norm,406393042,0.386210
baseline,grad_norm,407429759,0.379813
baseline,grad_norm,408466476,0.393512
baseline,grad_norm,409503193,0.385653
baseline,grad_norm,410539910,0.377635
baseline,grad_norm,411576627,0.379278
baseline,grad_norm,412613343,0.369975
baseline,grad_norm,413650060,0.376395
baseline,grad_norm,414686777,0.373971
baseline,grad_norm,415723494,0.386249
baseline,grad_norm,416760211,0.381597
baseline,grad_norm,417796928,0.397352
baseline,grad_norm,418833645,0.382725
baseline,grad_norm,419870362,0.386808
baseline,grad_norm,420907079,0.380978
baseline,grad_norm,421943796,0.379514
baseline,grad_norm,422980513,0.373033
baseline,grad_norm,424017230,0.380766
baseline,grad_norm,425053947,0.382608
baseline,grad_norm,426090664,0.403630
baseline,grad_norm,427127381,0.394620
baseline,grad_norm,428164098,0.382357
baseline,grad_norm,429200815,0.379446
baseline,grad_norm,430237532,0.371748
baseline,grad_norm,431274248,0.379066
baseline,grad_norm,432310965,0.378804
baseline,grad_norm,433347682,0.391766
baseline,grad_norm,434384399,0.382131
baseline,grad_norm,435421116,0.388094
baseline,grad_norm,436457833,0.390275
baseline,grad_norm,437494550,0.387056
baseline,grad_norm,438531267,0.380470
baseline,grad_norm,439567984,0.398702
baseline,grad_norm,440604701,0.390849
baseline,grad_norm,441641418,0.394634
baseline,grad_norm,442678135,0.382478
baseline,grad_norm,443714852,0.396155
baseline,grad_norm,444751569,0.394037
baseline,grad_norm,445788286,0.387447
baseline,grad_norm,446825003,0.395573
baseline,grad_norm,447861720,0.381033
baseline,grad_norm,448898437,0.381714
baseline,grad_norm,449935153,0.384625
baseline,grad_norm,450971870,0.380495
baseline,grad_norm,452008587,0.390047
baseline,grad_norm,453045304,0.399415
baseline,grad_norm,454082021,0.407022
baseline,grad_norm,455118738,0.409078
baseline,grad_norm,456155455,0.380716
baseline,grad_norm,457192172,0.380900
baseline,grad_norm,458228889,0.395707
baseline,grad_norm,459265606,0.457597
baseline,grad_norm,460302323,0.392519
baseline,grad_norm,461339040,0.389268
baseline,grad_norm,462375757,0.385191
baseline,grad_norm,463412474,0.385020
baseline,grad_norm,464449191,0.381839
baseline,grad_norm,465485908,0.394495
baseline,grad_norm,466522625,0.379648
baseline,grad_norm,467559342,0.382477
baseline,grad_norm,468596058,0.371818
baseline,grad_norm,469632775,0.374982
baseline,grad_norm,470669492,0.382122
baseline,grad_norm,471706209,0.383347
baseline,grad_norm,472742926,0.385375
baseline,grad_norm,473779643,0.386901
baseline,grad_norm,474816360,0.386068
baseline,grad_norm,475853077,0.385721
baseline,grad_norm,476889794,0.381787
baseline,grad_norm,477926511,0.382702
baseline,grad_norm,478963228,0.381147
baseline,grad_norm,479999945,0.369430
baseline,grad_norm,481036662,0.377094
baseline,grad_norm,482073379,0.389137
baseline,grad_norm,483110096,0.384909
baseline,grad_norm,484146813,0.375424
baseline,grad_norm,485183530,0.375776
baseline,grad_norm,486220246,0.375820
baseline,grad_norm,487256963,0.376810
baseline,grad_norm,488293680,0.377050
baseline,grad_norm,489330397,0.375828
baseline,grad_norm,490367114,0.373063
baseline,grad_norm,491403831,0.383853
baseline,grad_norm,492440548,0.377497
baseline,grad_norm,493477265,0.390182
baseline,grad_norm,494513982,0.381006
baseline,grad_norm,495550699,0.387003
baseline,grad_norm,496587416,0.389482
baseline,grad_norm,497624133,0.379236
baseline,grad_norm,498660850,0.390089
baseline,grad_norm,499697567,0.386984
baseline,grad_norm,500734284,0.380822
baseline,grad_norm,501771001,0.386927
baseline,grad_norm,502807718,0.381753
baseline,grad_norm,503844435,0.378448
baseline,grad_norm,504881151,0.380063
baseline,grad_norm,505917868,0.392346
baseline,grad_norm,506954585,0.370772
baseline,grad_norm,507991302,0.379771
baseline,grad_norm,509028019,0.383726
baseline,grad_norm,510064736,0.389427
baseline,grad_norm,511101453,0.387800
baseline,grad_norm,512138170,0.378129
baseline,grad_norm,513174887,0.383442
baseline,grad_norm,514211604,0.422023
baseline,grad_norm,515248321,0.376063
baseline,grad_norm,516285038,0.371315
baseline,grad_norm,517321755,0.371500
baseline,grad_norm,518358472,0.372633
baseline,grad_norm,519395189,0.373545
diloco,train_loss,4156099,7.648775
diloco,train_loss,8312161,7.646386
diloco,train_loss,12466490,7.284621
diloco,train_loss,17660775,7.055768
diloco,train_loss,21807335,6.772849
diloco,train_loss,24930709,6.607583
diloco,train_loss,29088806,6.334568
diloco,train_loss,33237192,6.164671
diloco,train_loss,38432414,5.914706
diloco,train_loss,43625315,5.747507
diloco,train_loss,47776986,5.567925
diloco,train_loss,52967221,5.434382
diloco,train_loss,58161056,5.284884
diloco,train_loss,62314746,5.189033
diloco,train_loss,66472981,5.075944
diloco,train_loss,70622517,5.000305
diloco,train_loss,75816138,4.891198
diloco,train_loss,81010070,4.811998
diloco,train_loss,85163344,4.743410
diloco,train_loss,90361428,4.703052
diloco,train_loss,94515047,4.653476
diloco,train_loss,97631983,4.606267
diloco,train_loss,102821711,4.530650
diloco,train_loss,108019993,4.486340
diloco,train_loss,112168742,4.440141
diloco,train_loss,117358182,4.389888
diloco,train_loss,122548200,4.341372
diloco,train_loss,126698239,4.306585
diloco,train_loss,130856710,4.269572
diloco,train_loss,135009785,4.247125
diloco,train_loss,140199198,4.209497
diloco,train_loss,145400364,4.199935
diloco,train_loss,149560142,4.167114
diloco,train_loss,154751735,4.171108
diloco,train_loss,158915894,4.134273
diloco,train_loss,162035251,4.120721
diloco,train_loss,167215494,4.089863
diloco,train_loss,172405512,4.082446
diloco,train_loss,176561234,4.053609
diloco,train_loss,181758162,4.044174
diloco,train_loss,185913348,4.028361
diloco,train_loss,190075025,4.012980
diloco,train_loss,195268530,3.994121
diloco,train_loss,199425666,3.990117
diloco,train_loss,203581422,3.959828
diloco,train_loss,208785304,3.946121
diloco,train_loss,212941440,3.933016
diloco,train_loss,217100537,3.910137
diloco,train_loss,222309711,3.900274
diloco,train_loss,226466017,3.876584
diloco,train_loss,230629131,3.868708
diloco,train_loss,235827255,3.852118
diloco,train_loss,241019982,3.845903
diloco,train_loss,245173393,3.831297
diloco,train_loss,249323502,3.817204
diloco,train_loss,254514447,3.807442
diloco,train_loss,258672558,3.789810
diloco,train_loss,262825983,3.777972
diloco,train_loss,268020133,3.763030
diloco,train_loss,272181284,3.756159
diloco,train_loss,276335292,3.730352
diloco,train_loss,281527269,3.719702
diloco,train_loss,286725896,3.713498
diloco,train_loss,290880393,3.693344
diloco,train_loss,295027163,3.679109
diloco,train_loss,299183301,3.662168
diloco,train_loss,303341383,3.663402
diloco,train_loss,308537100,3.652659
diloco,train_loss,313735053,3.659546
diloco,train_loss,318926154,3.634584
diloco,train_loss,323087990,3.618303
diloco,train_loss,326210172,3.602835
diloco,train_loss,330360519,3.588828
diloco,train_loss,335556321,3.591006
diloco,train_loss,340754363,3.572823
diloco,train_loss,344911886,3.556243
diloco,train_loss,349064364,3.544495
diloco,train_loss,354263203,3.553421
diloco,train_loss,358424204,3.527491
diloco,train_loss,362580462,3.508008
diloco,train_loss,367773640,3.498962
diloco,train_loss,372975190,3.486747
diloco,train_loss,377131874,3.477243
diloco,train_loss,381287757,3.477333
diloco,train_loss,386477768,3.468967
diloco,train_loss,390630918,3.465696
diloco,train_loss,394791068,3.458551
diloco,train_loss,398943573,3.454348
diloco,train_loss,404134089,3.460757
diloco,train_loss,409330091,3.461743
diloco,train_loss,413491270,3.458349
diloco,train_loss,418686134,3.449626
diloco,train_loss,422837868,3.418579
diloco,train_loss,425957181,3.399326
diloco,train_loss,431156318,3.388201
diloco,train_loss,436349367,3.379297
diloco,train_loss,440515588,3.392683
diloco,train_loss,445713996,3.390130
diloco,train_loss,449873294,3.402407
diloco,train_loss,452994041,3.386420
diloco,train_loss,457146866,3.372433
diloco,train_loss,462341255,3.369307
diloco,train_loss,467533410,3.361980
diloco,train_loss,472729156,3.353625
diloco,train_loss,476882589,3.348889
diloco,train_loss,481042462,3.343753
diloco,train_loss,486238011,3.335018
diloco,train_loss,490398357,3.315789
diloco,train_loss,494549048,3.322301
diloco,train_loss,498703429,3.315829
diloco,train_loss,502866726,3.305998
diloco,train_loss,508060360,3.312587
diloco,train_loss,513256328,3.308171
diloco,train_loss,517411260,3.313135
diloco,eval_loss,21807335,6.493797
diloco,eval_loss,38432414,5.846242
diloco,eval_loss,62314746,5.259523
diloco,eval_loss,85163344,4.857054
diloco,eval_loss,102821711,4.570636
diloco,eval_loss,122548200,4.381047
diloco,eval_loss,145400364,4.245765
diloco,eval_loss,167215494,4.131628
diloco,eval_loss,185913348,4.049803
diloco,eval_loss,203581422,3.969400
diloco,eval_loss,230629131,3.897209
diloco,eval_loss,249323502,3.840346
diloco,eval_loss,268020133,3.779884
diloco,eval_loss,290880393,3.739684
diloco,eval_loss,313735053,3.675957
diloco,eval_loss,330360519,3.612594
diloco,eval_loss,354263203,3.571657
diloco,eval_loss,377131874,3.528431
diloco,eval_loss,394791068,3.481274
diloco,eval_loss,413491270,3.453753
diloco,eval_loss,440515588,3.422776
diloco,eval_loss,457146866,3.387635
diloco,eval_loss,476882589,3.365107
diloco,eval_loss,498703429,3.343341
diloco,tok_per_sec,4156099,166752.000000
diloco,tok_per_sec,8312161,337572.000000
diloco,tok_per_sec,12466490,331884.000000
diloco,tok_per_sec,17660775,329895.000000
diloco,tok_per_sec,21807335,332274.000000
diloco,tok_per_sec,24930709,335540.000000
diloco,tok_per_sec,29088806,314131.000000
diloco,tok_per_sec,33237192,244963.000000
diloco,tok_per_sec,38432414,218894.000000
diloco,tok_per_sec,43625315,237436.000000
diloco,tok_per_sec,47776986,286476.000000
diloco,tok_per_sec,52967221,337502.000000
diloco,tok_per_sec,58161056,333979.000000
diloco,tok_per_sec,62314746,329385.000000
diloco,tok_per_sec,66472981,327314.000000
diloco,tok_per_sec,70622517,330148.000000
diloco,tok_per_sec,75816138,330126.000000
diloco,tok_per_sec,81010070,324045.000000
diloco,tok_per_sec,85163344,323326.000000
diloco,tok_per_sec,90361428,330702.000000
diloco,tok_per_sec,94515047,319613.000000
diloco,tok_per_sec,97631983,227734.000000
diloco,tok_per_sec,102821711,242674.000000
diloco,tok_per_sec,108019993,333221.000000
diloco,tok_per_sec,112168742,334006.000000
diloco,tok_per_sec,117358182,333100.000000
diloco,tok_per_sec,122548200,285378.000000
diloco,tok_per_sec,126698239,235975.000000
diloco,tok_per_sec,130856710,278478.000000
diloco,tok_per_sec,135009785,328300.000000
diloco,tok_per_sec,140199198,329404.000000
diloco,tok_per_sec,145400364,331264.000000
diloco,tok_per_sec,149560142,329432.000000
diloco,tok_per_sec,154751735,326015.000000
diloco,tok_per_sec,158915894,330090.000000
diloco,tok_per_sec,162035251,326309.000000
diloco,tok_per_sec,167215494,323411.000000
diloco,tok_per_sec,172405512,328612.000000
diloco,tok_per_sec,176561234,326537.000000
diloco,tok_per_sec,181758162,319816.000000
diloco,tok_per_sec,185913348,274672.000000
diloco,tok_per_sec,190075025,280861.000000
diloco,tok_per_sec,195268530,330325.000000
diloco,tok_per_sec,199425666,326192.000000
diloco,tok_per_sec,203581422,322992.000000
diloco,tok_per_sec,208785304,279334.000000
diloco,tok_per_sec,212941440,279544.000000
diloco,tok_per_sec,217100537,329089.000000
diloco,tok_per_sec,222309711,326728.000000
diloco,tok_per_sec,226466017,326138.000000
diloco,tok_per_sec,230629131,326287.000000
diloco,tok_per_sec,235827255,326060.000000
diloco,tok_per_sec,241019982,328333.000000
diloco,tok_per_sec,245173393,328134.000000
diloco,tok_per_sec,249323502,329415.000000
diloco,tok_per_sec,254514447,328893.000000
diloco,tok_per_sec,258672558,327394.000000
diloco,tok_per_sec,262825983,328318.000000
diloco,tok_per_sec,268020133,284618.000000
diloco,tok_per_sec,272181284,231322.000000
diloco,tok_per_sec,276335292,277034.000000
diloco,tok_per_sec,281527269,325756.000000
diloco,tok_per_sec,286725896,324306.000000
diloco,tok_per_sec,290880393,321928.000000
diloco,tok_per_sec,295027163,321933.000000
diloco,tok_per_sec,299183301,329760.000000
diloco,tok_per_sec,303341383,331127.000000
diloco,tok_per_sec,308537100,330462.000000
diloco,tok_per_sec,313735053,325973.000000
diloco,tok_per_sec,318926154,319260.000000
diloco,tok_per_sec,323087990,302267.000000
diloco,tok_per_sec,326210172,214364.000000
diloco,tok_per_sec,330360519,190418.000000
diloco,tok_per_sec,335556321,281813.000000
diloco,tok_per_sec,340754363,322292.000000
diloco,tok_per_sec,344911886,322633.000000
diloco,tok_per_sec,349064364,329699.000000
diloco,tok_per_sec,354263203,281314.000000
diloco,tok_per_sec,358424204,279651.000000
diloco,tok_per_sec,362580462,328451.000000
diloco,tok_per_sec,367773640,326834.000000
diloco,tok_per_sec,372975190,327026.000000
diloco,tok_per_sec,377131874,328102.000000
diloco,tok_per_sec,381287757,327395.000000
diloco,tok_per_sec,386477768,311676.000000
diloco,tok_per_sec,390630918,223802.000000
diloco,tok_per_sec,394791068,239383.000000
diloco,tok_per_sec,398943573,328047.000000
diloco,tok_per_sec,404134089,325718.000000
diloco,tok_per_sec,409330091,321614.000000
diloco,tok_per_sec,413491270,276991.000000
diloco,tok_per_sec,418686134,275141.000000
diloco,tok_per_sec,422837868,316849.000000
diloco,tok_per_sec,425957181,323465.000000
diloco,tok_per_sec,431156318,326059.000000
diloco,tok_per_sec,436349367,326015.000000
diloco,tok_per_sec,440515588,330250.000000
diloco,tok_per_sec,445713996,329174.000000
diloco,tok_per_sec,449873294,322350.000000
diloco,tok_per_sec,452994041,322050.000000
diloco,tok_per_sec,457146866,325952.000000
diloco,tok_per_sec,462341255,328420.000000
diloco,tok_per_sec,467533410,327941.000000
diloco,tok_per_sec,472729156,325678.000000
diloco,tok_per_sec,476882589,282088.000000
diloco,tok_per_sec,481042462,283202.000000
diloco,tok_per_sec,486238011,325984.000000
diloco,tok_per_sec,490398357,325974.000000
diloco,tok_per_sec,494549048,326739.000000
diloco,tok_per_sec,498703429,328798.000000
diloco,tok_per_sec,502866726,326939.000000
diloco,tok_per_sec,508060360,328119.000000
diloco,tok_per_sec,513256328,332725.000000
diloco,tok_per_sec,517411260,330778.000000
diloco,grad_norm,4156099,0.697801
diloco,grad_norm,8312161,0.701002
diloco,grad_norm,12466490,0.567317
diloco,grad_norm,17660775,0.454228
diloco,grad_norm,21807335,0.508039
diloco,grad_norm,24930709,0.525045
diloco,grad_norm,29088806,0.739020
diloco,grad_norm,33237192,0.973691
diloco,grad_norm,38432414,0.725322
diloco,grad_norm,43625315,0.502360
diloco,grad_norm,47776986,0.524505
diloco,grad_norm,52967221,0.502539
diloco,grad_norm,58161056,0.499849
diloco,grad_norm,62314746,0.497832
diloco,grad_norm,66472981,0.484429
diloco,grad_norm,70622517,0.464278
diloco,grad_norm,75816138,0.470267
diloco,grad_norm,81010070,0.502369
diloco,grad_norm,85163344,0.500641
diloco,grad_norm,90361428,0.529918
diloco,grad_norm,94515047,0.564484
diloco,grad_norm,97631983,0.547748
diloco,grad_norm,102821711,0.493098
diloco,grad_norm,108019993,0.457921
diloco,grad_norm,112168742,0.463002
diloco,grad_norm,117358182,0.514179
diloco,grad_norm,122548200,0.519001
diloco,grad_norm,126698239,0.473272
diloco,grad_norm,130856710,0.473509
diloco,grad_norm,135009785,0.468437
diloco,grad_norm,140199198,0.457099
diloco,grad_norm,145400364,0.470773
diloco,grad_norm,149560142,0.615148
diloco,grad_norm,154751735,0.592599
diloco,grad_norm,158915894,0.450469
diloco,grad_norm,162035251,0.457616
diloco,grad_norm,167215494,0.451724
diloco,grad_norm,172405512,0.438157
diloco,grad_norm,176561234,0.436649
diloco,grad_norm,181758162,0.444072
diloco,grad_norm,185913348,0.455713
diloco,grad_norm,190075025,0.466001
diloco,grad_norm,195268530,0.449636
diloco,grad_norm,199425666,0.446150
diloco,grad_norm,203581422,0.447689
diloco,grad_norm,208785304,0.441463
diloco,grad_norm,212941440,0.436373
diloco,grad_norm,217100537,0.470640
diloco,grad_norm,222309711,0.482271
diloco,grad_norm,226466017,0.438352
diloco,grad_norm,230629131,0.438565
diloco,grad_norm,235827255,0.431120
diloco,grad_norm,241019982,0.416311
diloco,grad_norm,245173393,0.417382
diloco,grad_norm,249323502,0.416793
diloco,grad_norm,254514447,0.432214
diloco,grad_norm,258672558,0.434758
diloco,grad_norm,262825983,0.415977
diloco,grad_norm,268020133,0.418595
diloco,grad_norm,272181284,0.418911
diloco,grad_norm,276335292,0.406554
diloco,grad_norm,281527269,0.411905
diloco,grad_norm,286725896,0.411958
diloco,grad_norm,290880393,0.431596
diloco,grad_norm,295027163,0.428337
diloco,grad_norm,299183301,0.389027
diloco,grad_norm,303341383,0.387509
diloco,grad_norm,308537100,0.392706
diloco,grad_norm,313735053,0.390483
diloco,grad_norm,318926154,0.385661
diloco,grad_norm,323087990,0.396218
diloco,grad_norm,326210172,0.401490
diloco,grad_norm,330360519,0.392518
diloco,grad_norm,335556321,0.384482
diloco,grad_norm,340754363,0.378147
diloco,grad_norm,344911886,0.381318
diloco,grad_norm,349064364,0.377426
diloco,grad_norm,354263203,0.371706
diloco,grad_norm,358424204,0.371509
diloco,grad_norm,362580462,0.367176
diloco,grad_norm,367773640,0.360071
diloco,grad_norm,372975190,0.354068
diloco,grad_norm,377131874,0.355272
diloco,grad_norm,381287757,0.376251
diloco,grad_norm,386477768,0.381404
diloco,grad_norm,390630918,0.375808
diloco,grad_norm,394791068,0.371622
diloco,grad_norm,398943573,0.351661
diloco,grad_norm,404134089,0.356902
diloco,grad_norm,409330091,0.364949
diloco,grad_norm,413491270,0.357768
diloco,grad_norm,418686134,0.355083
diloco,grad_norm,422837868,0.352568
diloco,grad_norm,425957181,0.347197
diloco,grad_norm,431156318,0.339750
diloco,grad_norm,436349367,0.340095
diloco,grad_norm,440515588,0.337696
diloco,grad_norm,445713996,0.334701
diloco,grad_norm,449873294,0.339754
diloco,grad_norm,452994041,0.342514
diloco,grad_norm,457146866,0.334317
diloco,grad_norm,462341255,0.326653
diloco,grad_norm,467533410,0.330895
diloco,grad_norm,472729156,0.331477
diloco,grad_norm,476882589,0.331038
diloco,grad_norm,481042462,0.340383
diloco,grad_norm,486238011,0.336663
diloco,grad_norm,490398357,0.324826
diloco,grad_norm,494549048,0.320750
diloco,grad_norm,498703429,0.318787
diloco,grad_norm,502866726,0.324745
diloco,grad_norm,508060360,0.323037
diloco,grad_norm,513256328,0.315274
diloco,grad_norm,517411260,0.312496
